-- Systems
insert into system_settings (key, value, description)
values ('enable_confession_post', 'true', 'Cho phép người dùng đăng confession'),
       ('enable_comment', 'true', 'Bật/tắt chức năng bình luận'),
       ('enable_like', 'true', 'Bật/tắt chức năng like'),
       ('max_reports_to_hide_confession', '10', 'Số report cần để ẩn confession'),
       ('max_reports_to_delete_comment', '5', 'Số report cần để xoá comment cứng'),
       ('maintenance_mode', 'false', 'Chế độ bảo trì ứng dụng'),

       ('min_app_version_android', '1', 'Tối thiểu phiên bản Android'),
       ('latest_app_version_android', '1', 'Phiên bản Android mới nhất'),
       ('app_download_link_android', 'https://play.google.com/store/apps/details?id=vn.dihaver.tech.shhh.confession',
        'Link tải app Android'),
       ('min_app_version_ios', '1', 'Tối thiểu phiên bản iOS'),
       ('latest_app_version_ios', '1', 'Phiên bản iOS mới nhất'),
       ('app_download_link_ios', 'https://apps.apple.com/app/id123456789', 'Link tải app iOS');


-- Images
insert into images (id, base_url, format, width, height, size)
values ('actor-chaplin-comedy-svgrepo-com_syujst', 'https://res.cloudinary.com/dwc9ztnjh/image/upload/', 'svg', 64, 64,
        3465),
       ('addicted-draw-love-svgrepo-com_fqz3ji', 'https://res.cloudinary.com/dwc9ztnjh/image/upload/', 'svg', 64, 64,
        2866),
       ('afro-avatar-male-2-svgrepo-com_yzvudo', 'https://res.cloudinary.com/dwc9ztnjh/image/upload/', 'svg', 64, 64,
        4364),
       ('afro-avatar-male-svgrepo-com_ytzmk1', 'https://res.cloudinary.com/dwc9ztnjh/image/upload/', 'svg', 64, 64,
        2274),
       ('afro-boy-child-svgrepo-com_likue8', 'https://res.cloudinary.com/dwc9ztnjh/image/upload/', 'svg', 64, 64, 3308),
       ('afro-female-person-svgrepo-com_hfeobm', 'https://res.cloudinary.com/dwc9ztnjh/image/upload/', 'svg', 64, 64,
        3011),
       ('alien-avatar-space-svgrepo-com_dtnccn', 'https://res.cloudinary.com/dwc9ztnjh/image/upload/', 'svg', 64, 64,
        3918),
       ('animal-avatar-bear-svgrepo-com_zkxuq0', 'https://res.cloudinary.com/dwc9ztnjh/image/upload/', 'svg', 64, 64,
        5262),
       ('animal-avatar-mutton-svgrepo-com_mkd69z', 'https://res.cloudinary.com/dwc9ztnjh/image/upload/', 'svg', 64, 64,
        3929),
       ('anime-away-face-svgrepo-com_iuh0xo', 'https://res.cloudinary.com/dwc9ztnjh/image/upload/', 'svg', 64, 64,
        2599),
       ('apple-avatar-illness-svgrepo-com_ohmzhq', 'https://res.cloudinary.com/dwc9ztnjh/image/upload/', 'svg', 64, 64,
        3969),
       ('artist-avatar-marilyn-svgrepo-com_ems6gg', 'https://res.cloudinary.com/dwc9ztnjh/image/upload/', 'svg', 64, 64,
        3539),
       ('avatar-avocado-food-svgrepo-com_tsj9oc', 'https://res.cloudinary.com/dwc9ztnjh/image/upload/', 'svg', 64, 64,
        3216),
       ('avatar-bad-breaking-svgrepo-com_r59rbo', 'https://res.cloudinary.com/dwc9ztnjh/image/upload/', 'svg', 64, 64,
        5653),
       ('avatar-batman-comics-svgrepo-com_lmcuwg', 'https://res.cloudinary.com/dwc9ztnjh/image/upload/', 'svg', 64, 64,
        3632),
       ('avatar-boy-kid-svgrepo-com_j8rwm4', 'https://res.cloudinary.com/dwc9ztnjh/image/upload/', 'svg', 64, 64, 4049),
       ('avatar-boy-male-svgrepo-com_ejsjq5', 'https://res.cloudinary.com/dwc9ztnjh/image/upload/', 'svg', 64, 64,
        3794),
       ('avatar-bug-insect-svgrepo-com_drbpsp', 'https://res.cloudinary.com/dwc9ztnjh/image/upload/', 'svg', 64, 64,
        6494),
       ('avatar-cacti-cactus-svgrepo-com_p24ixb', 'https://res.cloudinary.com/dwc9ztnjh/image/upload/', 'svg', 64, 64,
        3573),
       ('avatar-child-girl-svgrepo-com_frwoit', 'https://res.cloudinary.com/dwc9ztnjh/image/upload/', 'svg', 64, 64,
        3047),
       ('avatar-cloud-crying-svgrepo-com_ekle5b', 'https://res.cloudinary.com/dwc9ztnjh/image/upload/', 'svg', 64, 64,
        3475),
       ('avatar-coffee-cup-svgrepo-com_lmqngl', 'https://res.cloudinary.com/dwc9ztnjh/image/upload/', 'svg', 64, 64,
        3268),
       ('avatar-dead-monster-svgrepo-com_q3c8b8', 'https://res.cloudinary.com/dwc9ztnjh/image/upload/', 'svg', 64, 64,
        4311),
       ('avatar-einstein-professor-svgrepo-com_r7s7we', 'https://res.cloudinary.com/dwc9ztnjh/image/upload/', 'svg', 64,
        64, 4182),
       ('avatar-elderly-grandma-svgrepo-com_e9r45j', 'https://res.cloudinary.com/dwc9ztnjh/image/upload/', 'svg', 64,
        64, 3642),
       ('avatar-female-girl-svgrepo-com_hfc8ni', 'https://res.cloudinary.com/dwc9ztnjh/image/upload/', 'svg', 64, 64,
        2637),
       ('avatar-female-portrait-2-svgrepo-com_pcsfof', 'https://res.cloudinary.com/dwc9ztnjh/image/upload/', 'svg', 64,
        64, 3246),
       ('avatar-female-portrait-svgrepo-com_b69xm5', 'https://res.cloudinary.com/dwc9ztnjh/image/upload/', 'svg', 64,
        64, 3295),
       ('avatar-geisha-japanese-svgrepo-com_gczw9a', 'https://res.cloudinary.com/dwc9ztnjh/image/upload/', 'svg', 64,
        64, 4832),
       ('avatar-hindi-indian-svgrepo-com_lbsvag', 'https://res.cloudinary.com/dwc9ztnjh/image/upload/', 'svg', 64, 64,
        4963),
       ('avatar-joker-squad-svgrepo-com_guj1qa', 'https://res.cloudinary.com/dwc9ztnjh/image/upload/', 'svg', 64, 64,
        4941),
       ('avatar-lazybones-sloth-svgrepo-com_t6me9f', 'https://res.cloudinary.com/dwc9ztnjh/image/upload/', 'svg', 64,
        64, 2586),
       ('avatar-male-man-svgrepo-com_jm1cpr', 'https://res.cloudinary.com/dwc9ztnjh/image/upload/', 'svg', 64, 64,
        3611),
       ('avatar-male-ozzy-svgrepo-com_flptem', 'https://res.cloudinary.com/dwc9ztnjh/image/upload/', 'svg', 64, 64,
        3921),
       ('avatar-male-president-svgrepo-com_g9eawm', 'https://res.cloudinary.com/dwc9ztnjh/image/upload/', 'svg', 64, 64,
        4866),
       ('avatar-man-muslim-svgrepo-com_rccrpe', 'https://res.cloudinary.com/dwc9ztnjh/image/upload/', 'svg', 64, 64,
        3680),
       ('avatar-man-person-svgrepo-com_q0v237', 'https://res.cloudinary.com/dwc9ztnjh/image/upload/', 'svg', 64, 64,
        4511),
       ('avatar-muslim-paranja-svgrepo-com_njj5xa', 'https://res.cloudinary.com/dwc9ztnjh/image/upload/', 'svg', 64, 64,
        2578),
       ('avatar-nun-sister-svgrepo-com_eg3obl', 'https://res.cloudinary.com/dwc9ztnjh/image/upload/', 'svg', 64, 64,
        3160),
       ('avatar-person-pilot-svgrepo-com_adxznw', 'https://res.cloudinary.com/dwc9ztnjh/image/upload/', 'svg', 64, 64,
        5003),
       ('baby-child-kid-svgrepo-com_s2lxjt', 'https://res.cloudinary.com/dwc9ztnjh/image/upload/', 'svg', 64, 64, 4131),
       ('beard-hipster-male-svgrepo-com_yhlchy', 'https://res.cloudinary.com/dwc9ztnjh/image/upload/', 'svg', 64, 64,
        3202),
       ('boy-indian-kid-svgrepo-com_qmcdvw', 'https://res.cloudinary.com/dwc9ztnjh/image/upload/', 'svg', 64, 64, 4941),
       ('builder-helmet-worker-svgrepo-com_ldihet', 'https://res.cloudinary.com/dwc9ztnjh/image/upload/', 'svg', 64, 64,
        3555),
       ('child-girl-kid-svgrepo-com_sb6rb0', 'https://res.cloudinary.com/dwc9ztnjh/image/upload/', 'svg', 64, 64, 3821),
       ('christmas-clous-santa-svgrepo-com_pvzzbg', 'https://res.cloudinary.com/dwc9ztnjh/image/upload/', 'svg', 64, 64,
        4028),
       ('fighter-luchador-man-svgrepo-com_scbtk8', 'https://res.cloudinary.com/dwc9ztnjh/image/upload/', 'svg', 64, 64,
        4445),
       ('friday-halloween-jason-svgrepo-com_nlxd1a', 'https://res.cloudinary.com/dwc9ztnjh/image/upload/', 'svg', 64,
        64, 3742),
       ('indian-male-man-svgrepo-com_ds3men', 'https://res.cloudinary.com/dwc9ztnjh/image/upload/', 'svg', 64, 64,
        5442),
       ('indian-man-sikh-svgrepo-com_tqglec', 'https://res.cloudinary.com/dwc9ztnjh/image/upload/', 'svg', 64, 64,
        3478),
       ('male-man-old-svgrepo-com_vwu862', 'https://res.cloudinary.com/dwc9ztnjh/image/upload/', 'svg', 64, 64, 3717);


-- Alias
insert into aliases (icon_image_id, display_name)
values
  ('actor-chaplin-comedy-svgrepo-com_syujst', 'Thằng Hề Hài Hước'),
  ('addicted-draw-love-svgrepo-com_fqz3ji', 'Kẻ Nghiện Yêu'),
  ('afro-avatar-male-2-svgrepo-com_yzvudo', 'Anh Chàng Afro 2'),
  ('afro-avatar-male-svgrepo-com_ytzmk1', 'Anh Chàng Afro 1'),
  ('afro-boy-child-svgrepo-com_likue8', 'Cậu Bé Afro'),
  ('afro-female-person-svgrepo-com_hfeobm', 'Cô Nàng Afro'),
  ('alien-avatar-space-svgrepo-com_dtnccn', 'Người Ngoài Hành Tinh'),
  ('animal-avatar-bear-svgrepo-com_zkxuq0', 'Gấu Bông Bí Ẩn'),
  ('animal-avatar-mutton-svgrepo-com_mkd69z', 'Cừu Bông Mơ Màng'),
  ('anime-away-face-svgrepo-com_iuh0xo', 'Chàng Trai Anime Lạc Lối'),
  ('apple-avatar-illness-svgrepo-com_ohmzhq', 'Quả Táo Bệnh Tật'),
  ('artist-avatar-marilyn-svgrepo-com_ems6gg', 'Họa Sĩ Marilyn'),
  ('avatar-avocado-food-svgrepo-com_tsj9oc', 'Quả Bơ Thơm Ngon'),
  ('avatar-bad-breaking-svgrepo-com_r59rbo', 'Kẻ Phá Đám'),
  ('avatar-batman-comics-svgrepo-com_lmcuwg', 'Người Dơi Bí Ẩn'),
  ('avatar-boy-kid-svgrepo-com_j8rwm4', 'Thằng Nhóc Confession'),
  ('avatar-boy-male-svgrepo-com_ejsjq5', 'Chàng Trai Tuổi Teen'),
  ('avatar-bug-insect-svgrepo-com_drbpsp', 'Chú Bọ Đáng Yêu'),
  ('avatar-cacti-cactus-svgrepo-com_p24ixb', 'Xương Rồng Mạnh Mẽ'),
  ('avatar-child-girl-svgrepo-com_frwoit', 'Cô Bé Bí Mật'),
  ('avatar-cloud-crying-svgrepo-com_ekle5b', 'Mây Buồn Thầm Kín'),
  ('avatar-coffee-cup-svgrepo-com_lmqngl', 'Tách Cà Phê Tỉnh Táo'),
  ('avatar-dead-monster-svgrepo-com_q3c8b8', 'Quái Vật Bí Ẩn'),
  ('avatar-einstein-professor-svgrepo-com_r7s7we', 'Thầy Giáo Lắm Bí Mật'),
  ('avatar-elderly-grandma-svgrepo-com_e9r45j', 'Bà Ngoại Hiền Hậu'),
  ('avatar-female-girl-svgrepo-com_hfc8ni', 'Cô Nàng Bí Ẩn'),
  ('avatar-female-portrait-2-svgrepo-com_pcsfof', 'Cô Gái Dịu Dàng'),
  ('avatar-female-portrait-svgrepo-com_b69xm5', 'Nàng Thơ Mơ Màng'),
  ('avatar-geisha-japanese-svgrepo-com_gczw9a', 'Nàng Geisha Mơ Màng'),
  ('avatar-hindi-indian-svgrepo-com_lbsvag', 'Chàng Trai Ấn Độ'),
  ('avatar-joker-squad-svgrepo-com_guj1qa', 'Gã Hề Confession'),
  ('avatar-lazybones-sloth-svgrepo-com_t6me9f', 'Gấu Lười Tí Hon'),
  ('avatar-male-man-svgrepo-com_jm1cpr', 'Anh Chàng Mặt Trời'),
  ('avatar-male-ozzy-svgrepo-com_flptem', 'Ông Chú Cool Ngầu'),
  ('avatar-male-president-svgrepo-com_g9eawm', 'Ông Chủ Bí Ẩn'),
  ('avatar-man-muslim-svgrepo-com_rccrpe', 'Anh Chàng Hồi Giáo'),
  ('avatar-man-person-svgrepo-com_q0v237', 'Chàng Trai Bí Ẩn'),
  ('avatar-muslim-paranja-svgrepo-com_njj5xa', 'Bóng Ma Bí Ẩn'),
  ('avatar-nun-sister-svgrepo-com_eg3obl', 'Sơ Duyên Dáng'),
  ('avatar-person-pilot-svgrepo-com_adxznw', 'Phi Công Bí Ẩn'),
  ('baby-child-kid-svgrepo-com_s2lxjt', 'Em Bé Hồn Nhiên'),
  ('beard-hipster-male-svgrepo-com_yhlchy', 'Chàng Râu Hipster'),
  ('boy-indian-kid-svgrepo-com_qmcdvw', 'Cậu Bé Ấn Độ'),
  ('builder-helmet-worker-svgrepo-com_ldihet', 'Anh Thợ Xây'),
  ('child-girl-kid-svgrepo-com_sb6rb0', 'Cô Bé Tinh Nghịch'),
  ('christmas-clous-santa-svgrepo-com_pvzzbg', 'Ông Già Noel'),
  ('fighter-luchador-man-svgrepo-com_scbtk8', 'Chiến Binh Lucha'),
  ('friday-halloween-jason-svgrepo-com_nlxd1a', 'Sát Nhân Halloween'),
  ('indian-male-man-svgrepo-com_ds3men', 'Chàng Trai Ấn Độ 2'),
  ('indian-man-sikh-svgrepo-com_tqglec', 'Chàng Sikh Đặc Biệt'),
  ('male-man-old-svgrepo-com_vwu862', 'Ông Già Thân Thiện');